SNP,Saliency
Gm12_2659260,0.023395
Gm14_398773,0.023254
Gm13_26443517,0.023106
Gm13_2550479,0.022750
Gm12_2894203,0.022652
Gm13_23782754,0.020623
Gm12_2762306,0.019951
Gm15_48737423,0.019782
Gm13_29736067,0.019490
Gm10_430625,0.019348
Gm15_10699836,0.019282
Gm02_47684621,0.019020
Gm10_50834461,0.018973
Gm04_18306789,0.018900
Gm19_1250010,0.018136
Gm10_36744954,0.018094
Gm19_1991181,0.017788
Gm02_5035934,0.017633
Gm13_27351617,0.017572
Gm12_2847459,0.017376
