SNP,Saliency
Gm12_2894203,0.025863
Gm12_2659260,0.024176
Gm13_2550479,0.023721
Gm13_26443517,0.023347
Gm12_2762306,0.023098
Gm13_23782754,0.022824
Gm14_398773,0.022162
Gm10_50834461,0.021750
Gm04_18306789,0.020728
Gm10_36744954,0.019984
Gm19_839611,0.019842
Gm15_10699836,0.019776
Gm15_48737423,0.019642
Gm17_6781998,0.019320
Gm07_5480878,0.019253
Gm04_2571383,0.019072
Gm19_1250010,0.018739
Gm03_1592339,0.018728
Gm04_31890261,0.018603
Gm13_29736067,0.018542
